,fname,text
0,fashion,"fashion. Stitch: Digital transformation for the fashion value chain  Digital ShowroomHubAcademyBlogResourcesResourcesBlogResourcesLink 3ResourcesHeadingCopyHeadingCopyHeadingCopyHeadingCopyBook a DemoChange the fabric of fashionStitch brings the power of people and technology together to future-proof your value chain, from design to sales.Book a DemoTrusted by by global fashion players.Your best work doesn't happen in emails or spreadsheetsIn all our years in fashion, we've learnt one thing: we spend too much time doing things that donât make our job better. Book a DemoButtonSellHybrid showroom for sell-inThe Stitch Showroom removes unwanted admin from your workflow and provides an audiovisual platform to immerse your customers in your brand and your collection.Learn moreCreateVisual collaboration for product creationThe Stitch Hub help designers, product developers and manufacturers create better collections by keeping all collection interactions in one central place.Learn moreLearnLearning platform for fashion teamsThe Stitch Academy offers fashion-made workshops, courses and services to future-proof your career, your team and your business.Coming soon!âThe Digital Showroom was the ignition for our digital journey. It changed the way we think about the value chain, accelerating a transformation that's now touching remote wholesale sell-in and digital product creation.âMartijn Hagman, CEO Tommy Hilfiger Work smarter, not harder.Discover how you can stop wasting time with our products.Book a DemoClose Cookie PopupStitch uses cookiesStitch uses cookies to make your visit to our website even more personal. Cookies are also created by third parties, in particular by Google (service: Analytics). More information can be found in ourprivacy policy.Accept All CookiesCookie SettingsMade by Flinch 77Close Cookie Preference ManagerCookie SettingsBy clicking âAccept All Cookiesâ, you agree to the storing of cookies on your device to enhance site navigation, analyze site usage and assist in our marketing efforts. More infoStrictly Necessary (Always Active)Cookies required to enable basic website functionality.MarketingCookies used to deliver advertising that is more relevant to you and your interests.PersonalizationCookies allowing the website to remember choices you make (such as your user name, language, or the region you are in).AnalyticsCookies helping understand how this website performs, how visitors interact with the site, and whether there may be technical issues.Accept All CookiesSave SettingsMade by Flinch 77Oops! Something went wrong while submitting the form.Never miss a beatExpert tips, video tutorials, product updates and more on:Â© 2022 Stitch Digital B.V. All rights reserved.Privacy PolicyCookie PolicyCareers  "
1,fashion ,"fashion . Stitch: Digital transformation for the fashion value chain  Digital ShowroomHubAcademyBlogResourcesResourcesBlogResourcesLink 3ResourcesHeadingCopyHeadingCopyHeadingCopyHeadingCopyBook a DemoChange the fabric of fashionStitch brings the power of people and technology together to future-proof your value chain, from design to sales.Book a DemoTrusted by by global fashion players.Your best work doesn't happen in emails or spreadsheetsIn all our years in fashion, we've learnt one thing: we spend too much time doing things that donât make our job better. Book a DemoButtonSellHybrid showroom for sell-inThe Stitch Showroom removes unwanted admin from your workflow and provides an audiovisual platform to immerse your customers in your brand and your collection.Learn moreCreateVisual collaboration for product creationThe Stitch Hub help designers, product developers and manufacturers create better collections by keeping all collection interactions in one central place.Learn moreLearnLearning platform for fashion teamsThe Stitch Academy offers fashion-made workshops, courses and services to future-proof your career, your team and your business.Coming soon!âThe Digital Showroom was the ignition for our digital journey. It changed the way we think about the value chain, accelerating a transformation that's now touching remote wholesale sell-in and digital product creation.âMartijn Hagman, CEO Tommy Hilfiger Work smarter, not harder.Discover how you can stop wasting time with our products.Book a DemoClose Cookie PopupStitch uses cookiesStitch uses cookies to make your visit to our website even more personal. Cookies are also created by third parties, in particular by Google (service: Analytics). More information can be found in ourprivacy policy.Accept All CookiesCookie SettingsMade by Flinch 77Close Cookie Preference ManagerCookie SettingsBy clicking âAccept All Cookiesâ, you agree to the storing of cookies on your device to enhance site navigation, analyze site usage and assist in our marketing efforts. More infoStrictly Necessary (Always Active)Cookies required to enable basic website functionality.MarketingCookies used to deliver advertising that is more relevant to you and your interests.PersonalizationCookies allowing the website to remember choices you make (such as your user name, language, or the region you are in).AnalyticsCookies helping understand how this website performs, how visitors interact with the site, and whether there may be technical issues.Accept All CookiesSave SettingsMade by Flinch 77Oops! Something went wrong while submitting the form.Never miss a beatExpert tips, video tutorials, product updates and more on:Â© 2022 Stitch Digital B.V. All rights reserved.Privacy PolicyCookie PolicyCareers  "
2,fashion academy home,"fashion academy home. Stitch Academy  Digital ShowroomHubAcademyBlogResourcesResourcesBlogResourcesLink 3ResourcesHeadingCopyHeadingCopyHeadingCopyHeadingCopyBook a DemoFuture-proof your career in fashionThe Stitch Academy is where fashion teams and individuals learn to define, implement, and scale digital workflows. WorkshopsOnline AcademyLearning made in fashionYou deserve better learning. Easy-to-follow trainings. Trainers that understand fashion and experienced the joy and struggles of 3D. Skills that you can put to practice right away. We couldn't find a true fashion alternative, so we created our own.Watch the videoExplore Learning PlatformWhether you want to dive deeper into technical topics like rendering, colors, and texture maps, or better understand 3D topics like virtual fit and avatars. This free training platform is for 3D dreamers who want to lead fashion forward!Sign up for freeComing soon!WorkshopsInteractive team workshops. From understanding a 3DÂ workflow, to change management, and digital selling. All workshopsDownload BrochureMeet the teamMarlies Reukersâ3DÂ Apparel Training & Transformation LeadMyrna Slagtâ3DÂ Apparel Training & Transformation SpecialistRebekka Seyffarthâ3DÂ Apparel Training & Transformation SpecialistâI have been learning on this platform the past 3 weeks and love the simplicity of the layout combined with in-depth content sections.""Stitch Learning Platform UserâThe content is very useful and applicable. The text explains the topics well in easy wordsâStitch Learning PlatformUser""The topics are specific and the use of visuals and animations is on point. Totally recommend!""Stitch Learning Platform UserClose Cookie PopupStitch uses cookiesStitch uses cookies to make your visit to our website even more personal. Cookies are also created by third parties, in particular by Google (service: Analytics). More information can be found in ourprivacy policy.Accept All CookiesCookie SettingsMade by Flinch 77Close Cookie Preference ManagerCookie SettingsBy clicking âAccept All Cookiesâ, you agree to the storing of cookies on your device to enhance site navigation, analyze site usage and assist in our marketing efforts. More infoStrictly Necessary (Always Active)Cookies required to enable basic website functionality.MarketingCookies used to deliver advertising that is more relevant to you and your interests.PersonalizationCookies allowing the website to remember choices you make (such as your user name, language, or the region you are in).AnalyticsCookies helping understand how this website performs, how visitors interact with the site, and whether there may be technical issues.Accept All CookiesSave SettingsMade by Flinch 77Oops! Something went wrong while submitting the form.Never miss a beatExpert tips, video tutorials, product updates and more on:Â© 2022 Stitch Digital B.V. All rights reserved.Privacy PolicyCookie PolicyCareers  "
3,fashion careers,"fashion careers. Join us to Future-Proof Fashion | Stitch Careers  Close Cookie Preference ManagerCookie SettingsBy clicking âAccept All Cookiesâ, you agree to the storing of cookies on your device to enhance site navigation, analyze site usage and assist in our marketing efforts. More infoStrictly Necessary (Always Active)Cookies required to enable basic website functionality.MarketingCookies used to deliver advertising that is more relevant to you and your interests.PersonalizationCookies allowing the website to remember choices you make (such as your user name, language, or the region you are in).AnalyticsCookies helping understand how this website performs, how visitors interact with the site, and whether there may be technical issues.Accept All CookiesSave SettingsMade by Flinch 77Oops! Something went wrong while submitting the form.Close Cookie PopupStitch uses cookiesStitch uses cookies to make your visit to our website even more personal. Cookies are also created by third parties, in particular by Google (service: Analytics). More information can be found in ourprivacy policy.Accept All CookiesCookie SettingsMade by Flinch 77Digital ShowroomHubAcademyBlogResourcesResourcesBlogResourcesLink 3ResourcesHeadingCopyHeadingCopyHeadingCopyHeadingCopyBook a DemoFor fashion change agentsDo you want to make fashion more creative, efficient and sustainable? One of these openings may be your next big thing!We are currently looking for: Never miss a beatExpert tips, video tutorials, product updates and more on:Â© 2022 Stitch Digital B.V. All rights reserved.Privacy PolicyCookie PolicyCareers  "
4,fashion cookie policy,"fashion cookie policy. Stitch: Cookie Policy  Digital ShowroomHubAcademyBlogResourcesResourcesBlogResourcesLink 3ResourcesHeadingCopyHeadingCopyHeadingCopyHeadingCopyBook a DemoCookie PolicyWhat Are CookiesAs is common practice with almost all professional websites this site uses cookies, which are tiny files that are downloaded to your computer, to improve your experience. Our privacy policy describes what information they gather, how we use it and why we sometimes need to store these cookies. We will also share how you can prevent these cookies from being stored however this may downgrade or âbreakâ certain elements of the sites functionality.âHow We Use CookiesWe use cookies for a variety of reasons detailed below. Unfortunately in most cases there are no industry standard options for disabling cookies without completely disabling the functionality and features they add to this site. It is recommended that you leave on all cookies if you are not sure whether you need them or not in case they are used to provide a service that you use.âDisabling CookiesYou can prevent the setting of cookies by adjusting the settings on your browser (see your browser Help for how to do this). Be aware that disabling cookies will affect the functionality of this and many other websites that you visit. Disabling cookies will usually result in also disabling certain functionality and features of the this site. Therefore it is recommended that you do not disable cookies.âThe Cookies We SetForms related cookiesWhen you submit data to through a form such as those found on contact pages or comment forms cookies may be set to remember your user details for future correspondence.Third Party CookiesIn some special cases we also use cookies provided by trusted third parties. The following section details which third party cookies you might encounter through this site.This site uses Google Analytics which is one of the most widespread and trusted analytics solution on the web for helping us to understand how you use the site and ways that we can improve your experience. These cookies may track things such as how long you spend on the site and the pages that you visit so we can continue to produce engaging content. For more information on Google Analytics cookies, see the official Google Analytics page.Third party analytics are used to track and measure usage of this site so that we can continue to produce engaging content. These cookies may track things such as how long you spend on the site or pages you visit which helps us to understand how we can improve the site for you.The Google AdSense service we use to serve advertising uses a DoubleClick cookie to serve more relevant ads across the web and limit the number of times that a given ad is shown to you. For more information on Google AdSense see the official Google AdSense privacy FAQ.We also use social media buttons and/or plugins on this site that allow you to connect with your social network in various ways. For these to work the following social media sites including; LinkedIn and Instagram, will set cookies through our site which may be used to enhance your profile on their site or contribute to the data they hold for various purposes outlined in their respective privacy policies.âMore InformationHopefully that has clarified things for you and as was previously mentioned if there is something that you arenât sure whether you need or not itâs usually safer to leave cookies enabled in case it does interact with one of the features you use on our site.However if you are still looking for more information then you can contact us here: hello@stitch.fashionâ6. What Rights Can You Exercise In Relation To Your Personal Data?If you have any questions related to this Privacy Notice, please contact us using the details set out below. Through these contact details you can also request access, rectification, erasure, restriction or portability of your personal data. If you are not satisfied with the way we use your personal data, you can make a complaint with us through the contact details below and/or with the Data Protection Authority.â7. Questions And ComplaintsIf you have any questions about this Privacy Notice, want to exercise your rights as described above or if you have a complaint, you can send us an e-mail to community@stitch.fashion.â8. Changes To This Privacy NoticeWe may update this Privacy Notice from time to time. These changes will be announced on the Website.This Privacy Notice explains how Stitch as data controller uses the information (âPersonal Dataâ) that it collects and processes from you as part of the online services it provides through the Website, or through your interaction with Stitch through email or other means. We are committed to maintaining your privacy.Never miss a beatExpert tips, video tutorials, product updates and more on:Â© 2022 Stitch Digital B.V. All rights reserved.Privacy PolicyCookie PolicyCareers  "
5,fashion digital showroom,"fashion digital showroom. The Stitch Showroom: The Digital Showroom for Fashion  Digital ShowroomHubAcademyBlogResourcesResourcesBlogResourcesLink 3ResourcesHeadingCopyHeadingCopyHeadingCopyHeadingCopyBook a DemoElevate your showroom experienceThe Stitch Showroom allows sales teams to sell better and faster than ever before, immersing buyers in the storytelling of the season and making the sell-in process much more efficient.Book a DemoThe platform for people-led salesThe Stitch Showroom is a cloud-based platform to host sales meetings, offering sales teams a great balance between personal experience and digital efficiency. Trusted by industry-leading players.Designed to elevate your showroomTheaterPerfect to host large groups and wow your customers thanks to high fidelity audiovisual specs and premium furniture finishesLearn moreWorkstationIdeal for small groups in the showroom or remotely, they are great for selling, but also preparing for an appointment.Learn moreWallThe wall is great to build digital assortments while navigating the collection across the showroom with your customer.Learn moreDesigned for your physical showroomTheaterPerfect to host large groups, the theater wows your customers thanks to a premium audiovisual configurationMore infoButtonWorkstationPerfect to host smaller groups in the showroom as well as remotely, workstations are super versatile setups great for selling, but also preparing for an appointmentMore infoButtonWallThe wall sits amongst your physical samples and connects to your device so you can build assortments digitally while navigating the showroom with your customer.More infoButtonGoodbye admin. Hello sell-in.Access all your sales materials effortlesslyFrom marketing videos to product images and prices, find everything you need in one place, not 287 folders, FTPs and email threads.Forget about updating your presentationsThe Stitch Showroom constantly updates all presentations with the latest available data so you don't waste your time doing it. Connect with buyers globally without tradeoffsMeet with your customers, even when they don't come to your showroom with built-in video calling and high-resolution streaming. Sell straight from 3D collectionsSprint-to-market faster than your competitors thanks to the Stitch Showroom integrations with all 3D viewer platforms in the market.See it in actionBetter sell-in = Better business85% fewer samples used50% shorter sales season50% faster time to marketPowerful tools to sell smarterBook a demoBook a DemoButtonCustom CatalogsSegment collections by customer, region or categoryManage deliveriesBalance your delivery flow with drag and drop gestures.Draft OrdersHighlight collection features with a rich text editorProduct videosTell unique product stories with interactive videosPDF generatorCreate and share, visual and on-brand catalogs in one clickScreen castingShare your view to an external device via PIN connectionSmart filtersFind any style in seconds with powerful catalog filtersShop the lookBring your collections to life with interactive look booksâWorking with Stitch has been exciting and transformative for HAVAIANASÂ®. We've been very impressed by their combination of technology and human solutions.âMerel Werners, EMEIAÂ Marketing Director, HavaianasÂ®.Close Cookie PopupStitch uses cookiesStitch uses cookies to make your visit to our website even more personal. Cookies are also created by third parties, in particular by Google (service: Analytics). More information can be found in ourprivacy policy.Accept All CookiesCookie SettingsMade by Flinch 77Close Cookie Preference ManagerCookie SettingsBy clicking âAccept All Cookiesâ, you agree to the storing of cookies on your device to enhance site navigation, analyze site usage and assist in our marketing efforts. More infoStrictly Necessary (Always Active)Cookies required to enable basic website functionality.MarketingCookies used to deliver advertising that is more relevant to you and your interests.PersonalizationCookies allowing the website to remember choices you make (such as your user name, language, or the region you are in).AnalyticsCookies helping understand how this website performs, how visitors interact with the site, and whether there may be technical issues.Accept All CookiesSave SettingsMade by Flinch 77Oops! Something went wrong while submitting the form.Never miss a beatExpert tips, video tutorials, product updates and more on:Â© 2022 Stitch Digital B.V. All rights reserved.Privacy PolicyCookie PolicyCareers  "
6,fashion hub,"fashion hub. Stitch Hub  Digital ShowroomHubAcademyBlogResourcesResourcesBlogResourcesLink 3ResourcesHeadingCopyHeadingCopyHeadingCopyHeadingCopyBook a DemoScaling 3DÂ workflowsThe Stitch Hub is the collection creation platform for fashion designers who want to focus on creating collections, not checking emails, excels, and PLMs.Join the waitlistBecause nobody went to fashion school to design in PLMWith the Stitch Hub, designers have everything they need to work visually and without distractions. The result?Â Less admin, more time to design and ultimately higher quality collections in less time. See how it worksButtonAll your files, right where you need themFabrics, trims, stitchesâ¦the Stitch Hub gives you quick access to everything you use to design, specially when youâre designing, thanks to our Browzwear integration.Rendering that doesn't stop youUpload your designs and the Hub will generate 5 high resolution renders on the cloud while you work on your next designs.Feedback to you, not the other way aroundAccess all versions, feedback and notes of a style in one central feed, not dozens of separate email threads. Cool, right?Workspace & user managementWeb based app - no installation requiredCreate workspaces for each dedicated entity as desiredAdmin panel per workspace for user managementTailored teamsOrganisation that suits your way of working - create teams or have no teams at allMembers can easily collaborate with each other on library assets and stylesBrand collaborationShare individual library items and styles with your external clientsComments can be easily shared digitally on one versionLibrariesHouse your library assets (fabrics, trims, blocks, stitches) in one place for all members to accessVisual libraries per item type with thumbnails or rendersAssign attributes to easily filterSearch and sort librariesStyle managementRepository for 3D BW style filesStyle detail page clearly showing versions and colorwaysAssign attributes to easily filterSearch and sort librariesGive/receive feedback in style Â commentsRenderingUpload and render your Browsewear styles easily to the Hub Renderfarm, saving precious designers timeSupports Blender version 3.0.1 &Â 3.1.1Automated renders for 5 angles in all colorways in less than 30 minutes Integrations to build your desired workflow The Stitch Hub goes live in early 2023Leave your email and we'll let you know when it launches Close Cookie PopupStitch uses cookiesStitch uses cookies to make your visit to our website even more personal. Cookies are also created by third parties, in particular by Google (service: Analytics). More information can be found in ourprivacy policy.Accept All CookiesCookie SettingsMade by Flinch 77Close Cookie Preference ManagerCookie SettingsBy clicking âAccept All Cookiesâ, you agree to the storing of cookies on your device to enhance site navigation, analyze site usage and assist in our marketing efforts. More infoStrictly Necessary (Always Active)Cookies required to enable basic website functionality.MarketingCookies used to deliver advertising that is more relevant to you and your interests.PersonalizationCookies allowing the website to remember choices you make (such as your user name, language, or the region you are in).AnalyticsCookies helping understand how this website performs, how visitors interact with the site, and whether there may be technical issues.Accept All CookiesSave SettingsMade by Flinch 77Oops! Something went wrong while submitting the form.Never miss a beatExpert tips, video tutorials, product updates and more on:Â© 2022 Stitch Digital B.V. All rights reserved.Privacy PolicyCookie PolicyCareers  "
7,fashion privacy policy,"fashion privacy policy. Stitch: Privacy Policy  Digital ShowroomHubAcademyBlogResourcesResourcesBlogResourcesLink 3ResourcesHeadingCopyHeadingCopyHeadingCopyHeadingCopyBook a DemoPrivacy PolicyThis privacy notice (âPrivacy Noticeâ) applies to you and your personal data collected through this website (âWebsiteâ) by Stitch Digital B.V as the owner of the Website (âStitchâ, âweâ or âusâ).This Privacy Notice explains how Stitch as data controller uses the information (âPersonal Dataâ) that it collects and processes from you as part of the online services it provides through the Website, or through your interaction with Stitch through email or other means. We are committed to maintaining your privacy.â1. Information We Collect And WhyWe will use your Personal Data which you submit through this Website for the following purposes:ââTo answer to your contact request and provide you requested information about our business and servicesâOur Website offers various purposes to get in contact with us. For example, you can contact us to request information about our different business and services, or to request a demo of our Digital Showroom. You can also submit open questions or requests by clicking the option âChat with usâ. Only when you request to get in contact with us or we have legitimate interest in our part, we may collect your name, email address, business information (such as your job title and/or company) and / or your mobile phone number , or other information that may be necessary to respond and to fulfil the purpose for which you got in contact with us.âFor newsletters, general marketing, promotional messages and/or active links in emailsâIf you agree or we have a legitimate interest on our part, we will collect your name, email address and / or your mobile phone number in order to send you our newsletter and other advertising communications. Please note that you can unsubscribe from the newsletter or promotional messages at any time using the âUnsubscribeâ or âUnsubscribeâ button at the end of every email, or by asking us to do so using the contact details given below or in the relevant advertising message.âFor personalized experience and enhancing the online experience, and to maintain and improve the functionality of of our websitesâWhen you visit our websites, we place cookies, pixels and other digital tools with similar functionality (â cookies â) on your browser or device that allow us to better understand your behavior and your experience with our Website.We may also place cookies on your browser or device to improve the design and functioning of our websites, and to ensure the technical and functional administration of our websites.We will participate in this activity if we have a legitimate interest. Our use of cookies, pixels and other digital tools with similar functionality is detailed in our cookie notice here, explained in more detail.â2. Who Has Access To Your Personal Data?Your Personal Data is processed exclusively by our authorized employees and/or by external companies:1. Our employees may have access to the Personal Data. In such a case, access will be granted only if necessary for the purposes described above and only if the employee is bound by an obligation of confidentiality;2. Our service providers who administer our websites as well as marketing and promotions, and other business needs such as support data hosting, data analysis, information security and technology and related infrastructure provisioning, marketing services and other business purposes.3. We may share your Personal Data if required to do so by law or court order, for example with law enforcement agencies or other governmental agencies.â3. How Long Will We Keep Your Personal Data?Your Personal Data is retained no longer than is necessary to achieve the purpose for which we collect and use them, or if we have a legitimate interest to do so.In case youâve opted-in to receive direct marketing such as newsletters promotional or marketing communications, the data that we need to send you these communications will be used by us until you unsubscribe accordingly.â4. What Measures Does Stitch Take To Protect Your Personal Data?We have taken appropriate technical, and organizational (security) measures to protect the Personal Data it processes against accidental or unlawful processing, such as unauthorized access, disclosure, damage or loss of personal data.â5. Do We Transfer Your Personal Data To A Country Outside The EU?In the context of the provision of our services, it may also be necessary for Personal Data to be transferred to third parties outside the European Economic Area (âEEAâ). For example, Personal Data can be transferred to group companies located outside the EEA, if we use services from third parties outside the EEA, such as the hosting services of the Website, or if we are obliged to provide its information to foreign authorities.It is possible that the regulations of the countries the third parties are located in provide a different level of (legal) data protection as in the EEA. We will take the measures based on applicable law that are necessary to ensure the lawful transfer of your Personal Data.In most cases, such a transfer will be governed by a contract based on the standard contractual clauses for data transfer, approved by the European Commission (European Model Clauses).â6. What Rights Can You Exercise In Relation To Your Personal Data?If you have any questions related to this Privacy Notice, please contact us using the details set out below. Through these contact details you can also request access, rectification, erasure, restriction or portability of your personal data. If you are not satisfied with the way we use your personal data, you can make a complaint with us through the contact details below and/or with the Data Protection Authority.â7. Questions And ComplaintsIf you have any questions about this Privacy Notice, want to exercise your rights as described above or if you have a complaint, you can send us an e-mail to community@stitch.fashion.â8. Changes To This Privacy NoticeWe may update this Privacy Notice from time to time. These changes will be announced on the Website.âNever miss a beatExpert tips, video tutorials, product updates and more on:Â© 2022 Stitch Digital B.V. All rights reserved.Privacy PolicyCookie PolicyCareers  "
8,fashion resources,"fashion resources. Resources  Digital ShowroomHubAcademyBlogResourcesResourcesBlogResourcesLink 3ResourcesHeadingCopyHeadingCopyHeadingCopyHeadingCopyBook a DemoWhat's next in wholesale?A guide for brands outlining the key trends happening in wholesale today, from changing end-consumer needs to how technology can help wholesale sales teams sell better.DownloadStitch ResourcesSearch from our library of resources covering everything from digitizing showrooms to sample reduction, scaling 3D, and remote salesHavaianas Case StudyLearn how Havaianas moved to digital wholesale with the Stitch Showroom and double-digit growth in its first sell-in season.Learn moreSales Uplift ReportLearn the tangible and intangible benefits of going digitally in this deep-dive report conducted at PVH after one year of using the Showroom.Learn moreSample Reduction GuideLearn to create and execute sample reduction strategies that cut costs while growing your sell-in revenueLearn moreShowroom Trend Report 2022Wholesale has undergone a total reinvention in 2022 and showrooms are at the forefront of this journey. Discover the 6 key trends in this transformation. Learn moreTommy Hilfiger Case StudyLearn about how Tommy Hilfiger reduced their samples by up to 80% in this Tommy Hilfiger Case StudyLearn moreClose Cookie Preference ManagerCookie SettingsBy clicking âAccept All Cookiesâ, you agree to the storing of cookies on your device to enhance site navigation, analyze site usage and assist in our marketing efforts. More infoStrictly Necessary (Always Active)Cookies required to enable basic website functionality.MarketingCookies used to deliver advertising that is more relevant to you and your interests.PersonalizationCookies allowing the website to remember choices you make (such as your user name, language, or the region you are in).AnalyticsCookies helping understand how this website performs, how visitors interact with the site, and whether there may be technical issues.Accept All CookiesSave SettingsMade by Flinch 77Oops! Something went wrong while submitting the form.Close Cookie PopupStitch uses cookiesStitch uses cookies to make your visit to our website even more personal. Cookies are also created by third parties, in particular by Google (service: Analytics). More information can be found in ourprivacy policy.Accept All CookiesCookie SettingsMade by Flinch 77Never miss a beatExpert tips, video tutorials, product updates and more on:Â© 2022 Stitch Digital B.V. All rights reserved.Privacy PolicyCookie PolicyCareers  "
9,fashion showroom spaces,fashion showroom spaces. Not Found  Oops!Â Something went wrongThe page you are looking for doesn't exist or has been moved.Go back  
